{
    "now": "2020-05-31T06:17:11.798Z",
    "perfNow": 326007,
    "diagnosticCorrelation": "6bf4c2a1-ea59-4b17-8359-465878aadbc0",
    "source": "DownloadSupportFiles",
    "environment": {
        "productName": "adf",
        "buildVersion": "1.0.20200525.1",
        "environmentType": 3,
        "resourceName": "RaghuADF01",
        "resourceRegion": "eastus2",
        "resourceGroup": "RaghuRG",
        "subscriptionId": "6898a4cc-1781-4a9d-982a-fcae2bda2d94",
        "sessionId": "wOh9o",
        "operationId": "2bmLD",
        "gitType": "live"
    },
    "additionalInfo": {
        "selectedResource": "Emp_Dept_Join_DerivedColm_Aggr",
        "selectedResourceType": "pipeline"
    }
}