{
    "name": "emp_txt_gen1_tgt",
    "properties": {
        "linkedServiceName": {
            "referenceName": "AzureDataLakeStoregen1",
            "type": "LinkedServiceReference"
        },
        "annotations": [],
        "type": "DelimitedText",
        "typeProperties": {
            "location": {
                "type": "AzureDataLakeStoreLocation",
                "folderPath": "Gen1_Output_Files"
            },
            "columnDelimiter": ",",
            "escapeChar": "\\",
            "firstRowAsHeader": true,
            "quoteChar": "\""
        },
        "schema": [
            {
                "name": "EMPNO",
                "type": "String"
            },
            {
                "name": "ENAME",
                "type": "String"
            },
            {
                "name": "JOB",
                "type": "String"
            },
            {
                "name": "MGR",
                "type": "String"
            },
            {
                "name": "HIREDATE",
                "type": "String"
            },
            {
                "name": "SAL",
                "type": "String"
            },
            {
                "name": "COMM",
                "type": "String"
            },
            {
                "name": "DEPTNO",
                "type": "String"
            }
        ]
    },
    "type": "Microsoft.DataFactory/factories/datasets"
}