{
    "name": "Emp_Dept_Join_DerivedColm_Aggr",
    "properties": {
        "activities": [
            {
                "name": "dataflow2",
                "type": "ExecuteDataFlow",
                "dependsOn": [],
                "policy": {
                    "timeout": "7.00:00:00",
                    "retry": 0,
                    "retryIntervalInSeconds": 30,
                    "secureOutput": false,
                    "secureInput": false
                },
                "userProperties": [],
                "typeProperties": {
                    "dataflow": {
                        "referenceName": "Emp_Dept_Join_DerivedColumn",
                        "type": "DataFlowReference"
                    },
                    "compute": {
                        "coreCount": 8,
                        "computeType": "General"
                    }
                }
            }
        ],
        "annotations": []
    },
    "type": "Microsoft.DataFactory/factories/pipelines"
}