{
    "name": "Emp_Dept_Join_DerivedColumn",
    "properties": {
        "type": "MappingDataFlow",
        "typeProperties": {
            "sources": [
                {
                    "dataset": {
                        "referenceName": "emp_txt_gen1_tgt",
                        "type": "DatasetReference"
                    },
                    "name": "source1"
                },
                {
                    "dataset": {
                        "referenceName": "Dept_txt",
                        "type": "DatasetReference"
                    },
                    "name": "source2"
                }
            ],
            "sinks": [
                {
                    "dataset": {
                        "referenceName": "Emp_Dept_Join_Tgt",
                        "type": "DatasetReference"
                    },
                    "name": "sink1"
                },
                {
                    "dataset": {
                        "referenceName": "Emp_Dept_Join_Aggr_Tgt",
                        "type": "DatasetReference"
                    },
                    "name": "sink2"
                },
                {
                    "dataset": {
                        "referenceName": "Emp_Dept_Join_Aggr_Unpivot_tgt",
                        "type": "DatasetReference"
                    },
                    "name": "sink3"
                },
                {
                    "dataset": {
                        "referenceName": "Emp_Dept_Join_Aggr_Unpivot_Skey_tgt",
                        "type": "DatasetReference"
                    },
                    "name": "sink4"
                }
            ],
            "transformations": [
                {
                    "name": "Join1"
                },
                {
                    "name": "DerivedColumn1"
                },
                {
                    "name": "Aggregate1"
                },
                {
                    "name": "Unpivot1"
                },
                {
                    "name": "DerivedColumn2"
                },
                {
                    "name": "SurrogateKey1"
                }
            ],
            "script": "source(output(\n\t\tEMPNO as string,\n\t\tENAME as string,\n\t\tJOB as string,\n\t\tMGR as string,\n\t\tHIREDATE as string,\n\t\tSAL as string,\n\t\tCOMM as string,\n\t\tDEPTNO as string\n\t),\n\tallowSchemaDrift: true,\n\tvalidateSchema: false) ~> source1\nsource(output(\n\t\tDEPTNO as string,\n\t\tDNAME as string,\n\t\tLOC as string\n\t),\n\tallowSchemaDrift: true,\n\tvalidateSchema: false) ~> source2\nsource1, source2 join(source1@DEPTNO == source2@DEPTNO,\n\tjoinType:'inner',\n\tbroadcast: 'auto')~> Join1\nJoin1 derive(Total_Sal = toDecimal(SAL,10,2) + iif(isNull(toInteger(COMM)), 0, toInteger(COMM)),\n\tpartitionBy('hash', 1)) ~> DerivedColumn1\nDerivedColumn1 aggregate(groupBy(DNAME),\n\tEmp_Count = count(EMPNO),\n\t\tTotal_Sal = sum(Total_Sal)) ~> Aggregate1\nDerivedColumn2 unpivot(output(\n\t\tMeasureName as string,\n\t\tEmp_Count as string\n\t),\n\tungroupBy(DNAME),\n\tlateral: true,\n\tignoreNullPivots: true,\n\tpartitionBy('hash', 1)) ~> Unpivot1\nAggregate1 derive(Emp_Count = toString(Emp_Count),\n\t\tTotal_Sal = toString(Total_Sal)) ~> DerivedColumn2\nUnpivot1 keyGenerate(output(Skey as long),\n\tstartAt: 1L) ~> SurrogateKey1\nDerivedColumn1 sink(allowSchemaDrift: true,\n\tvalidateSchema: false,\n\tpartitionFileNames:['Emp_Dept_Join_Tgt.csv'],\n\tmapColumn(\n\t\tEMPNO,\n\t\tENAME,\n\t\tJOB,\n\t\tSAL,\n\t\tCOMM,\n\t\tDEPTNO = source2@DEPTNO,\n\t\tDNAME,\n\t\tLOC,\n\t\tTotal_Sal\n\t),\n\tpartitionBy('hash', 1),\n\tskipDuplicateMapInputs: true,\n\tskipDuplicateMapOutputs: true,\n\tquoteAll: true) ~> sink1\nAggregate1 sink(allowSchemaDrift: true,\n\tvalidateSchema: false,\n\tpartitionFileNames:['EMP_Dept_Join_Aggr_Tgt.csv'],\n\tpartitionBy('hash', 1),\n\tskipDuplicateMapInputs: true,\n\tskipDuplicateMapOutputs: true,\n\tquoteAll: true) ~> sink2\nUnpivot1 sink(allowSchemaDrift: true,\n\tvalidateSchema: false,\n\tpartitionFileNames:['Emp_Dept_Join_Aggr_Unpivot_tgt.csv'],\n\tpartitionBy('hash', 1),\n\tskipDuplicateMapInputs: true,\n\tskipDuplicateMapOutputs: true) ~> sink3\nSurrogateKey1 sink(allowSchemaDrift: true,\n\tvalidateSchema: false,\n\tpartitionFileNames:['Emp_Dept_Join_Aggr_Unpivot_Skey_tgt.csv'],\n\tpartitionBy('hash', 1),\n\tskipDuplicateMapInputs: true,\n\tskipDuplicateMapOutputs: true,\n\tquoteAll: true) ~> sink4"
        }
    }
}