{
    "name": "Dept_txt",
    "properties": {
        "linkedServiceName": {
            "referenceName": "RaghuAzureDataLakeStorage1",
            "type": "LinkedServiceReference"
        },
        "annotations": [],
        "type": "DelimitedText",
        "typeProperties": {
            "location": {
                "type": "AzureBlobFSLocation",
                "fileName": "Dept_txt.csv",
                "folderPath": "outputfiles",
                "fileSystem": "raghucontainer"
            },
            "columnDelimiter": ",",
            "escapeChar": "\\",
            "firstRowAsHeader": true,
            "quoteChar": "\""
        },
        "schema": [
            {
                "name": "DEPTNO",
                "type": "String"
            },
            {
                "name": "DNAME",
                "type": "String"
            },
            {
                "name": "LOC",
                "type": "String"
            }
        ]
    },
    "type": "Microsoft.DataFactory/factories/datasets"
}