{
    "now": "2020-05-31T06:15:06.054Z",
    "perfNow": 200262,
    "diagnosticCorrelation": "a7823589-b9bc-4125-8a8e-9a18ff1eb543",
    "source": "DownloadSupportFiles",
    "environment": {
        "productName": "adf",
        "buildVersion": "1.0.20200525.1",
        "environmentType": 3,
        "resourceName": "RaghuADF01",
        "resourceRegion": "eastus2",
        "resourceGroup": "RaghuRG",
        "subscriptionId": "6898a4cc-1781-4a9d-982a-fcae2bda2d94",
        "sessionId": "wOh9o",
        "operationId": "2bmLD",
        "gitType": "live"
    },
    "additionalInfo": {
        "selectedResource": "Emp_Dept_Join_DerivedColumn",
        "selectedResourceType": "dataflow"
    }
}